network engineer,java dev,sql engineer,data scientist,Data Analytics,python dev,ui/ux dev,system admin,web dev,database,animation,backend,tester,cisco,dot-net
"('networking', 1288)","('core java', 1723)","('sql server', 1661)","('python', 695)","('analytics', 695)","('python', 2239)","('javascript', 1350)","('linux', 1808)","('html', 1134)","('java', 412)","('animation', 1430)","('backend', 673)","('automation testing', 797)","('cisco', 723)","('asp.net', 995)"
"('switching', 380)","('java', 1174)","('c#', 1209)","('sql', 519)","('sas', 444)","('java', 690)","('css', 883)","('python', 503)","('javascript', 999)","('database', 387)","('photoshop', 771)","('back office', 668)","('manual testing', 573)","('networking', 631)","('javascript', 927)"
"('linux', 226)","('hibernate', 1147)","('asp.net', 870)","('machine learning', 498)","('data analytics', 375)","('javascript', 587)","('html', 825)","('unix', 491)","('illustrator', 713)","('sql', 351)","('graphics', 487)","('bpo', 453)","('selenium', 513)","('troubleshooting', 315)","('c#', 901)"
"('', 217)","('j2ee', 1010)","('javascript', 840)","('data analysis', 323)","('r', 372)","('sql', 401)","('ux', 812)","('c++', 452)","('web designing', 706)","('database administration', 280)","('illustrator', 411)","('call center', 365)","('software testing', 511)","('ccna', 284)","('.net', 836)"
"('ccna', 210)","('spring', 964)","('.net', 669)","('r', 292)","('sql', 365)","('django', 386)","('ui development', 665)","('c', 410)","('jquery', 672)","('javascript', 242)","('html', 388)","('data entry', 331)","('test cases', 415)","('lan', 254)","('jquery', 720)"
"('routing', 200)","('javascript', 603)","('jquery', 666)","('analytics', 280)","('python', 293)","('linux', 374)","('html5', 659)","('java', 339)","('web technologies', 457)","('mysql', 236)","('', 378)","('javascript', 299)","('test engineering', 285)","('wan', 248)","('sql server', 636)"
"('network engineering', 194)","('rest', 433)","('ms sql server', 594)","('data mining', 255)","('data analysis', 287)","('mysql', 352)","('jquery', 638)","('mysql', 298)","('css', 390)","('', 216)","('ios', 285)","('non voice', 285)","('java', 247)","('switching', 246)","('mvc', 614)"
"('troubleshooting', 194)","('web services', 419)","('mvc', 512)","('data science', 238)","('machine learning', 231)","('machine learning', 315)","('front end', 468)","('networking', 293)","('', 324)","('sql database', 199)","('maya', 251)","('voice process', 258)","('sql', 196)","('linux', 246)","('asp', 524)"
"('network security', 164)","('struts', 383)","('wcf', 478)","('business analysis', 197)","('digital marketing', 210)","('c++', 307)","('photoshop', 433)","('windows', 231)","('web design', 313)","('oracle dba', 193)","('javascript', 235)","('java', 239)","('testing', 195)","('technical support', 220)","('wcf', 518)"
"('lan', 161)","('jsp', 295)","('asp.net mvc', 424)","('', 191)","('', 195)","('html', 253)","('angularjs', 407)","('aws', 212)","('php', 298)","('sql server', 182)","('flash', 197)","('domestic bpo', 234)","('', 187)","('', 211)","('html', 515)"
"('wan', 159)","('spring boot', 288)","('html', 333)","('big data', 187)","('excel', 191)","('ruby', 247)","('illustrator', 336)","('', 209)","('dreamweaver', 293)","('oracle', 179)","('cocoa touch', 185)","('international bpo', 228)","('qa', 180)","('windows', 202)","('sql', 507)"
"('ospf', 158)","('spring mvc', 240)","('css', 318)","('java', 181)","('seo', 187)","('', 240)","('bootstrap', 306)","('sql', 203)","('graphics', 274)","('core java', 165)","('objective c', 180)","('inbound', 220)","('python', 174)","('firewall', 193)","('ajax', 473)"
"('technical support', 154)","('sql', 233)","('entity framework', 284)","('sas', 174)","('business analysis', 172)","('php', 230)","('java', 272)","('perl', 183)","('css3', 264)","('linux', 154)","('graphic designing', 178)","('', 200)","('quality assurance', 173)","('ospf', 180)","('asp.net mvc', 399)"
"('firewall', 143)","('jquery', 218)","('ajax', 281)","('hadoop', 173)","('google analytics', 172)","('c', 224)","('ui', 233)","('linux administration', 178)","('corel draw', 259)","('unix', 149)","('3ds max', 161)","('python', 192)","('regression testing', 156)","('vpn', 172)","('xml', 260)"
"('bgp', 140)","('maven', 215)","('web services', 224)","('spark', 168)","('predictive modeling', 142)","('perl', 215)","('web technologies', 224)","('oracle', 160)","('graphic designing', 245)","('web technologies', 147)","('ux', 159)","('mysql', 192)","('functional testing', 154)","('network security', 161)","('', 250)"
"('hardware networking', 139)","('multithreading', 215)","('vb.net', 207)","('algorithms', 164)","('outsourcing', 124)","('r', 199)","('ajax', 221)","('javascript', 155)","('wordpress', 226)","('database design', 140)","('android', 153)","('calling', 192)","('automation', 141)","('mpls', 156)","('c', 246)"
"('hardware', 128)","('soap', 210)","('java', 207)","('analytical', 157)","('project management', 116)","('aws', 194)","('user interface designing', 214)","('shell scripting', 153)","('xhtml', 225)","('j2ee', 134)","('tools', 153)","('front end', 187)","('test scripts', 131)","('service', 153)","('asp net', 244)"
"('dns', 119)","('', 204)","('', 202)","('tools', 135)","('finance', 108)","('git', 191)","('', 207)","('ansible', 140)","('html5', 224)","('oracle database', 133)","('multimedia', 143)","('customer service', 184)","('javascript', 123)","('vmware', 143)","('entity framework', 218)"
"('vpn', 118)","('html', 195)","('c#.net', 195)","('hive', 126)","('data science', 106)","('mongodb', 188)","('react.js', 200)","('devops', 137)","('web designer', 211)","('plsql', 125)","('swift', 137)","('customer care', 178)","('agile', 108)","('routing', 140)","('css', 209)"
"('c', 98)","('design patterns', 192)","('linq', 192)","('deep learning', 124)","('business intelligence', 105)","('algorithms', 186)","('visual design', 162)","('git', 137)","('seo', 188)","('performance tuning', 123)","('flash designing', 135)","('node.js', 159)","('quality assurance engineering', 103)","('dns', 138)","('linq', 189)"
